{"cameraMode":{"drawMode":0,"name":"Shaded","section":"Shading Mode"},"sceneLighting":false,"audioPlay":false,"sceneViewState":{"showFog":true,"showMaterialUpdate":true,"showSkybox":false,"showFlares":true,"showImageEffects":true,"showParticleSystems":true,"showVisualEffectGraphs":true,"m_FxEnabled":true},"in2DMode":false,"pivot":{"x":-27.046518325805665,"y":-44.06690979003906,"z":-191.50396728515626},"rotation":{"x":0.006423142738640308,"y":-0.9909218549728394,"z":0.1218678429722786,"w":0.06061436980962753},"size":103.07766723632813,"orthographic":false}