{"cameraMode":{"drawMode":0,"name":"Shaded","section":"Shading Mode"},"sceneLighting":false,"audioPlay":false,"sceneViewState":{"showFog":true,"showMaterialUpdate":true,"showSkybox":false,"showFlares":true,"showImageEffects":true,"showParticleSystems":true,"showVisualEffectGraphs":true,"m_FxEnabled":true},"in2DMode":false,"pivot":{"x":190.09364318847657,"y":171.95037841796876,"z":-44.12774658203125},"rotation":{"x":-0.0017761699855327607,"y":-0.9995575547218323,"z":0.03378566727042198,"w":-0.015480498783290387},"size":489.3896789550781,"orthographic":false}