{"cameraMode":{"drawMode":0,"name":"Shaded","section":"Shading Mode"},"sceneLighting":false,"audioPlay":false,"sceneViewState":{"showFog":true,"showMaterialUpdate":true,"showSkybox":false,"showFlares":true,"showImageEffects":true,"showParticleSystems":true,"showVisualEffectGraphs":true,"m_FxEnabled":true},"in2DMode":false,"pivot":{"x":5.92667293548584,"y":-0.2067251205444336,"z":19.772418975830079},"rotation":{"x":0.08024599403142929,"y":-0.00818089209496975,"z":0.001234163879416883,"w":0.9971635937690735},"size":21.413209915161134,"orthographic":false}