{"cameraMode":{"drawMode":0,"name":"Shaded","section":"Shading Mode"},"sceneLighting":false,"audioPlay":false,"sceneViewState":{"showFog":true,"showMaterialUpdate":true,"showSkybox":false,"showFlares":true,"showImageEffects":true,"showParticleSystems":true,"showVisualEffectGraphs":true,"m_FxEnabled":true},"in2DMode":false,"pivot":{"x":332.9986267089844,"y":192.51954650878907,"z":-353.4523620605469},"rotation":{"x":-0.017195027321577073,"y":-0.0006123737548477948,"z":0.00011467057629488409,"w":1.000052809715271},"size":18.410892486572267,"orthographic":false}