{"cameraMode":{"drawMode":0,"name":"Shaded","section":"Shading Mode"},"sceneLighting":false,"audioPlay":false,"sceneViewState":{"showFog":true,"showMaterialUpdate":true,"showSkybox":false,"showFlares":true,"showImageEffects":true,"showParticleSystems":true,"showVisualEffectGraphs":true,"m_FxEnabled":true},"in2DMode":false,"pivot":{"x":34.12396240234375,"y":-116.83753967285156,"z":522.922119140625},"rotation":{"x":-0.002298095030710101,"y":-0.1072031557559967,"z":0.00023736334696877748,"w":-0.9943048357963562},"size":1155.1033935546875,"orthographic":false}