{"cameraMode":{"drawMode":0,"name":"Shaded","section":"Shading Mode"},"sceneLighting":false,"audioPlay":false,"sceneViewState":{"showFog":true,"showMaterialUpdate":true,"showSkybox":false,"showFlares":true,"showImageEffects":true,"showParticleSystems":true,"showVisualEffectGraphs":true,"m_FxEnabled":true},"in2DMode":false,"pivot":{"x":292.3441467285156,"y":177.81373596191407,"z":-35.96058654785156},"rotation":{"x":-0.003344240365549922,"y":-0.9974643588066101,"z":0.030653558671474458,"w":-0.06792212277650833},"size":489.3896789550781,"orthographic":false}