{"cameraMode":{"drawMode":0,"name":"Shaded","section":"Shading Mode"},"sceneLighting":false,"audioPlay":false,"sceneViewState":{"showFog":true,"showMaterialUpdate":true,"showSkybox":false,"showFlares":true,"showImageEffects":true,"showParticleSystems":true,"showVisualEffectGraphs":true,"m_FxEnabled":true},"in2DMode":false,"pivot":{"x":286.181396484375,"y":203.90504455566407,"z":-352.82464599609377},"rotation":{"x":-0.018696099519729615,"y":-0.012620463967323304,"z":-0.000009630018212192226,"w":0.9999407529830933},"size":18.410892486572267,"orthographic":false}