{"cameraMode":{"drawMode":0,"name":"Shaded","section":"Shading Mode"},"sceneLighting":false,"audioPlay":false,"sceneViewState":{"showFog":true,"showMaterialUpdate":true,"showSkybox":false,"showFlares":true,"showImageEffects":true,"showParticleSystems":true,"showVisualEffectGraphs":true,"m_FxEnabled":true},"in2DMode":false,"pivot":{"x":-0.17228513956069947,"y":-0.4629267454147339,"z":-5.735358715057373},"rotation":{"x":0.0017419996438547969,"y":0.9961526393890381,"z":-0.08769044280052185,"w":0.015198144130408764},"size":2.0609991550445558,"orthographic":false}