{"cameraMode":{"drawMode":0,"name":"Shaded","section":"Shading Mode"},"sceneLighting":false,"audioPlay":false,"sceneViewState":{"showFog":true,"showMaterialUpdate":true,"showSkybox":false,"showFlares":true,"showImageEffects":true,"showParticleSystems":true,"showVisualEffectGraphs":true,"m_FxEnabled":true},"in2DMode":false,"pivot":{"x":335.7770080566406,"y":163.3439178466797,"z":-387.61138916015627},"rotation":{"x":0.006305465940386057,"y":-0.12444239109754563,"z":0.004456350579857826,"w":0.992841899394989},"size":0.8320507407188416,"orthographic":false}