{"cameraMode":{"drawMode":0,"name":"Shaded","section":"Shading Mode"},"sceneLighting":false,"audioPlay":false,"sceneViewState":{"showFog":true,"showMaterialUpdate":true,"showSkybox":false,"showFlares":true,"showImageEffects":true,"showParticleSystems":true,"showVisualEffectGraphs":true,"m_FxEnabled":true},"in2DMode":false,"pivot":{"x":342.34344482421877,"y":180.2353515625,"z":-392.75665283203127},"rotation":{"x":-0.008130686357617379,"y":0.031022775918245317,"z":0.002236592583358288,"w":0.9997873306274414},"size":21.180034637451173,"orthographic":false}