{"cameraMode":{"drawMode":0,"name":"Shaded","section":"Shading Mode"},"sceneLighting":false,"audioPlay":false,"sceneViewState":{"showFog":true,"showMaterialUpdate":true,"showSkybox":false,"showFlares":true,"showImageEffects":true,"showParticleSystems":true,"showVisualEffectGraphs":true,"m_FxEnabled":true},"in2DMode":false,"pivot":{"x":0.6614147424697876,"y":-0.7141737937927246,"z":2.766364812850952},"rotation":{"x":-0.01431046798825264,"y":-0.0039036134257912637,"z":0.000024473079974995926,"w":-0.9999547004699707},"size":1.1266151666641236,"orthographic":false}