{"cameraMode":{"drawMode":0,"name":"Shaded","section":"Shading Mode"},"sceneLighting":false,"audioPlay":false,"sceneViewState":{"showFog":true,"showMaterialUpdate":true,"showSkybox":false,"showFlares":true,"showImageEffects":true,"showParticleSystems":true,"showVisualEffectGraphs":true,"m_FxEnabled":true},"in2DMode":false,"pivot":{"x":4.003747940063477,"y":7.237965106964111,"z":-27.71623420715332},"rotation":{"x":0.14735111594200135,"y":-0.0038523473776876928,"z":0.005743223242461681,"w":0.9898324012756348},"size":3.0438179969787599,"orthographic":false}