{"cameraMode":{"drawMode":0,"name":"Shaded","section":"Shading Mode"},"sceneLighting":false,"audioPlay":false,"sceneViewState":{"showFog":true,"showMaterialUpdate":true,"showSkybox":false,"showFlares":true,"showImageEffects":true,"showParticleSystems":true,"showVisualEffectGraphs":true,"m_FxEnabled":true},"in2DMode":false,"pivot":{"x":397.41107177734377,"y":180.4892120361328,"z":-415.7711486816406},"rotation":{"x":-0.056183066219091418,"y":0.008218382485210896,"z":0.0007777232676744461,"w":0.9988034963607788},"size":21.413209915161134,"orthographic":false}