{"cameraMode":{"drawMode":0,"name":"Shaded","section":"Shading Mode"},"sceneLighting":false,"audioPlay":false,"sceneViewState":{"showFog":true,"showMaterialUpdate":true,"showSkybox":false,"showFlares":true,"showImageEffects":true,"showParticleSystems":true,"showVisualEffectGraphs":true,"m_FxEnabled":true},"in2DMode":false,"pivot":{"x":14.017257690429688,"y":-15.85815143585205,"z":26.812162399291993},"rotation":{"x":0.17383107542991639,"y":0.18624255061149598,"z":-0.032872870564460757,"w":0.9666725397109985},"size":23.97576904296875,"orthographic":false}