{"cameraMode":{"drawMode":0,"name":"Shaded","section":"Shading Mode"},"sceneLighting":false,"audioPlay":false,"sceneViewState":{"showFog":true,"showMaterialUpdate":true,"showSkybox":false,"showFlares":true,"showImageEffects":true,"showParticleSystems":true,"showVisualEffectGraphs":true,"m_FxEnabled":true},"in2DMode":false,"pivot":{"x":0.22441184520721436,"y":-2.8486225605010988,"z":-10.688551902770996},"rotation":{"x":-0.016658823937177659,"y":0.4959441125392914,"z":0.009525330737233162,"w":0.8682055473327637},"size":0.9114594459533691,"orthographic":false}