{"cameraMode":{"drawMode":0,"name":"Shaded","section":"Shading Mode"},"sceneLighting":false,"audioPlay":false,"sceneViewState":{"showFog":true,"showMaterialUpdate":true,"showSkybox":false,"showFlares":true,"showImageEffects":true,"showParticleSystems":true,"showVisualEffectGraphs":true,"m_FxEnabled":true},"in2DMode":false,"pivot":{"x":-3.891542911529541,"y":2.6811208724975588,"z":-15.992044448852539},"rotation":{"x":0.09018652886152268,"y":0.11671783775091171,"z":-0.009716739878058434,"w":0.9892547130584717},"size":3.572901725769043,"orthographic":false}