{"cameraMode":{"drawMode":0,"name":"Shaded","section":"Shading Mode"},"sceneLighting":false,"audioPlay":false,"sceneViewState":{"showFog":true,"showMaterialUpdate":true,"showSkybox":false,"showFlares":true,"showImageEffects":true,"showParticleSystems":true,"showVisualEffectGraphs":true,"m_FxEnabled":true},"in2DMode":false,"pivot":{"x":-13.593055725097657,"y":0.006655700039118528,"z":-23.1800594329834},"rotation":{"x":-0.09890718013048172,"y":-0.20828796923160554,"z":0.021154100075364114,"w":-0.9728973507881165},"size":0.43992477655410769,"orthographic":false}