{"cameraMode":{"drawMode":0,"name":"Shaded","section":"Shading Mode"},"sceneLighting":false,"audioPlay":false,"sceneViewState":{"showFog":true,"showMaterialUpdate":true,"showSkybox":true,"showFlares":true,"showImageEffects":true,"showParticleSystems":true,"showVisualEffectGraphs":true,"m_FxEnabled":true},"in2DMode":false,"pivot":{"x":1.5074741840362549,"y":-2.0582175254821779,"z":-5.7852277755737309},"rotation":{"x":-0.018285321071743966,"y":-0.05186993256211281,"z":0.0009497752762399614,"w":-0.9984993934631348},"size":1.8439537286758423,"orthographic":false}