{"cameraMode":{"drawMode":0,"name":"Shaded","section":"Shading Mode"},"sceneLighting":false,"audioPlay":false,"sceneViewState":{"showFog":true,"showMaterialUpdate":true,"showSkybox":false,"showFlares":true,"showImageEffects":true,"showParticleSystems":true,"showVisualEffectGraphs":true,"m_FxEnabled":true},"in2DMode":false,"pivot":{"x":173.95790100097657,"y":115.13507080078125,"z":-7.5428466796875},"rotation":{"x":-0.011206666938960553,"y":-0.011341791599988938,"z":0.0009612613939680159,"w":1.0001198053359986},"size":103.07766723632813,"orthographic":false}