{"cameraMode":{"drawMode":0,"name":"Shaded","section":"Shading Mode"},"sceneLighting":false,"audioPlay":false,"sceneViewState":{"showFog":true,"showMaterialUpdate":true,"showSkybox":false,"showFlares":true,"showImageEffects":true,"showParticleSystems":true,"showVisualEffectGraphs":true,"m_FxEnabled":true},"in2DMode":false,"pivot":{"x":-324.99908447265627,"y":-250.73033142089845,"z":705.134033203125},"rotation":{"x":-0.03979843109846115,"y":-0.014392043463885785,"z":0.0005586223560385406,"w":-0.999174177646637},"size":1155.1033935546875,"orthographic":false}