{"cameraMode":{"drawMode":0,"name":"Shaded","section":"Shading Mode"},"sceneLighting":false,"audioPlay":false,"sceneViewState":{"showFog":true,"showMaterialUpdate":true,"showSkybox":false,"showFlares":true,"showImageEffects":true,"showParticleSystems":true,"showVisualEffectGraphs":true,"m_FxEnabled":true},"in2DMode":false,"pivot":{"x":240.38987731933595,"y":119.20870208740235,"z":-153.3175048828125},"rotation":{"x":0.04493575915694237,"y":-0.17227555811405183,"z":0.008930840529501439,"w":0.9842348694801331},"size":103.07766723632813,"orthographic":false}