{"cameraMode":{"drawMode":0,"name":"Shaded","section":"Shading Mode"},"sceneLighting":false,"audioPlay":false,"sceneViewState":{"showFog":true,"showMaterialUpdate":true,"showSkybox":false,"showFlares":true,"showImageEffects":true,"showParticleSystems":true,"showVisualEffectGraphs":true,"m_FxEnabled":true},"in2DMode":false,"pivot":{"x":478.5158996582031,"y":446.15252685546877,"z":304.0774230957031},"rotation":{"x":0.11761974543333054,"y":-0.21219836175441743,"z":-0.025750571861863138,"w":-0.9698519110679627},"size":1155.1033935546875,"orthographic":false}