{"cameraMode":{"drawMode":0,"name":"Shaded","section":"Shading Mode"},"sceneLighting":false,"audioPlay":false,"sceneViewState":{"showFog":true,"showMaterialUpdate":true,"showSkybox":false,"showFlares":true,"showImageEffects":true,"showParticleSystems":true,"showVisualEffectGraphs":true,"m_FxEnabled":true},"in2DMode":false,"pivot":{"x":0.6236345767974854,"y":-3.7355659008026125,"z":-12.601787567138672},"rotation":{"x":0.05817319080233574,"y":0.6243745684623718,"z":-0.043767835944890979,"w":0.7781182527542114},"size":0.43992501497268679,"orthographic":false}