{"cameraMode":{"drawMode":0,"name":"Shaded","section":"Shading Mode"},"sceneLighting":false,"audioPlay":false,"sceneViewState":{"showFog":true,"showMaterialUpdate":true,"showSkybox":false,"showFlares":true,"showImageEffects":true,"showParticleSystems":true,"showVisualEffectGraphs":true,"m_FxEnabled":true},"in2DMode":false,"pivot":{"x":46.378692626953128,"y":-174.63812255859376,"z":669.01220703125},"rotation":{"x":-0.023205015808343889,"y":-0.09523887187242508,"z":0.0022055907174944879,"w":-0.995252251625061},"size":1155.1033935546875,"orthographic":false}