{"cameraMode":{"drawMode":0,"name":"Shaded","section":"Shading Mode"},"sceneLighting":false,"audioPlay":false,"sceneViewState":{"showFog":true,"showMaterialUpdate":true,"showSkybox":false,"showFlares":true,"showImageEffects":true,"showParticleSystems":true,"showVisualEffectGraphs":true,"m_FxEnabled":true},"in2DMode":false,"pivot":{"x":17.597929000854493,"y":4.706374645233154,"z":12.572431564331055},"rotation":{"x":-0.027778776362538339,"y":0.9647809863090515,"z":-0.13264445960521699,"w":-0.22839634120464326},"size":1.4738470315933228,"orthographic":false}