{"cameraMode":{"drawMode":0,"name":"Shaded","section":"Shading Mode"},"sceneLighting":false,"audioPlay":false,"sceneViewState":{"showFog":true,"showMaterialUpdate":true,"showSkybox":false,"showFlares":true,"showImageEffects":true,"showParticleSystems":true,"showVisualEffectGraphs":true,"m_FxEnabled":true},"in2DMode":false,"pivot":{"x":153.88070678710938,"y":137.80311584472657,"z":-452.8219909667969},"rotation":{"x":-0.002186627360060811,"y":0.03632211685180664,"z":0.00017344141087960452,"w":0.9994350671768189},"size":2.598076105117798,"orthographic":false}