{"cameraMode":{"drawMode":0,"name":"Shaded","section":"Shading Mode"},"sceneLighting":false,"audioPlay":false,"sceneViewState":{"showFog":true,"showMaterialUpdate":true,"showSkybox":false,"showFlares":true,"showImageEffects":true,"showParticleSystems":true,"showVisualEffectGraphs":true,"m_FxEnabled":true},"in2DMode":false,"pivot":{"x":181.4043731689453,"y":103.9986801147461,"z":-7.5596466064453129},"rotation":{"x":0.015817629173398019,"y":0.006690222304314375,"z":0.0009820456616580487,"w":1.0000994205474854},"size":103.07766723632813,"orthographic":false}