{"cameraMode":{"drawMode":0,"name":"Shaded","section":"Shading Mode"},"sceneLighting":false,"audioPlay":false,"sceneViewState":{"showFog":true,"showMaterialUpdate":true,"showSkybox":false,"showFlares":true,"showImageEffects":true,"showParticleSystems":true,"showVisualEffectGraphs":true,"m_FxEnabled":true},"in2DMode":false,"pivot":{"x":-3.274811267852783,"y":0.21022748947143556,"z":-1.7132511138916016},"rotation":{"x":0.13602638244628907,"y":0.11922398954629898,"z":-0.015876077115535737,"w":0.9839252233505249},"size":13.83590316772461,"orthographic":false}