{"cameraMode":{"drawMode":0,"name":"Shaded","section":"Shading Mode"},"sceneLighting":false,"audioPlay":false,"sceneViewState":{"showFog":true,"showMaterialUpdate":true,"showSkybox":false,"showFlares":true,"showImageEffects":true,"showParticleSystems":true,"showVisualEffectGraphs":true,"m_FxEnabled":true},"in2DMode":false,"pivot":{"x":6.038244724273682,"y":-4.681443691253662,"z":7.722047328948975},"rotation":{"x":-0.10263596475124359,"y":0.002084814477711916,"z":-0.00023721682373434305,"w":-0.9947859048843384},"size":15.293739318847657,"orthographic":false}