{"cameraMode":{"drawMode":0,"name":"Shaded","section":"Shading Mode"},"sceneLighting":false,"audioPlay":false,"sceneViewState":{"showFog":true,"showMaterialUpdate":true,"showSkybox":false,"showFlares":true,"showImageEffects":true,"showParticleSystems":true,"showVisualEffectGraphs":true,"m_FxEnabled":true},"in2DMode":false,"pivot":{"x":225.01031494140626,"y":52.086997985839847,"z":372.75152587890627},"rotation":{"x":0.0028734970837831499,"y":0.9990172386169434,"z":-0.04575207456946373,"w":0.02165769413113594},"size":21.180034637451173,"orthographic":false}