{"cameraMode":{"drawMode":0,"name":"Shaded","section":"Shading Mode"},"sceneLighting":false,"audioPlay":false,"sceneViewState":{"showFog":true,"showMaterialUpdate":true,"showSkybox":false,"showFlares":true,"showImageEffects":true,"showParticleSystems":true,"showVisualEffectGraphs":true,"m_FxEnabled":true},"in2DMode":false,"pivot":{"x":153.21075439453126,"y":137.80311584472657,"z":-452.8165283203125},"rotation":{"x":-0.0021932595409452917,"y":-0.028172293677926065,"z":0.00003214106982341036,"w":0.9996979236602783},"size":2.598076105117798,"orthographic":false}