{"cameraMode":{"drawMode":0,"name":"Shaded","section":"Shading Mode"},"sceneLighting":false,"audioPlay":false,"sceneViewState":{"showFog":true,"showMaterialUpdate":true,"showSkybox":false,"showFlares":true,"showImageEffects":true,"showParticleSystems":true,"showVisualEffectGraphs":true,"m_FxEnabled":true},"in2DMode":false,"pivot":{"x":246.5807342529297,"y":120.50563049316406,"z":-233.1634979248047},"rotation":{"x":-0.03366255760192871,"y":0.04271598160266876,"z":0.0016277796821668745,"w":0.998931884765625},"size":21.413209915161134,"orthographic":false}