{"cameraMode":{"drawMode":0,"name":"Shaded","section":"Shading Mode"},"sceneLighting":false,"audioPlay":false,"sceneViewState":{"showFog":true,"showMaterialUpdate":true,"showSkybox":false,"showFlares":true,"showImageEffects":true,"showParticleSystems":true,"showVisualEffectGraphs":true,"m_FxEnabled":true},"in2DMode":false,"pivot":{"x":260.35150146484377,"y":126.94825744628906,"z":-324.7215576171875},"rotation":{"x":-0.04720580577850342,"y":-0.0055282823741436008,"z":0.000517028383910656,"w":0.9994109869003296},"size":13.83590316772461,"orthographic":false}