{"cameraMode":{"drawMode":0,"name":"Shaded","section":"Shading Mode"},"sceneLighting":false,"audioPlay":false,"sceneViewState":{"showFog":true,"showMaterialUpdate":true,"showSkybox":false,"showFlares":true,"showImageEffects":true,"showParticleSystems":true,"showVisualEffectGraphs":true,"m_FxEnabled":true},"in2DMode":false,"pivot":{"x":391.93701171875,"y":222.54202270507813,"z":-676.4940795898438},"rotation":{"x":0.03404484689235687,"y":-0.018364040181040765,"z":0.004949865862727165,"w":1.0001118183135987},"size":0.35295188426971438,"orthographic":false}