{"cameraMode":{"drawMode":0,"name":"Shaded","section":"Shading Mode"},"sceneLighting":false,"audioPlay":false,"sceneViewState":{"showFog":true,"showMaterialUpdate":true,"showSkybox":false,"showFlares":true,"showImageEffects":true,"showParticleSystems":true,"showVisualEffectGraphs":true,"m_FxEnabled":true},"in2DMode":false,"pivot":{"x":311.68084716796877,"y":123.12999725341797,"z":-122.92074584960938},"rotation":{"x":0.03380999714136124,"y":0.0007074121967889369,"z":0.0010233463253825904,"w":0.9996756315231323},"size":103.07766723632813,"orthographic":false}