{"cameraMode":{"drawMode":0,"name":"Shaded","section":"Shading Mode"},"sceneLighting":false,"audioPlay":false,"sceneViewState":{"showFog":true,"showMaterialUpdate":true,"showSkybox":false,"showFlares":true,"showImageEffects":true,"showParticleSystems":true,"showVisualEffectGraphs":true,"m_FxEnabled":true},"in2DMode":false,"pivot":{"x":19.281442642211915,"y":-3.706223249435425,"z":-34.937828063964847},"rotation":{"x":0.008891712874174118,"y":0.9633880853652954,"z":-0.031067421659827234,"w":0.2677108347415924},"size":21.413209915161134,"orthographic":false}