{"cameraMode":{"drawMode":0,"name":"Shaded","section":"Shading Mode"},"sceneLighting":false,"audioPlay":false,"sceneViewState":{"showFog":true,"showMaterialUpdate":true,"showSkybox":false,"showFlares":true,"showImageEffects":true,"showParticleSystems":true,"showVisualEffectGraphs":true,"m_FxEnabled":true},"in2DMode":false,"pivot":{"x":165.70272827148438,"y":188.13104248046876,"z":-7.02178955078125},"rotation":{"x":-0.041487157344818118,"y":-0.11422652006149292,"z":0.000022599391741096042,"w":0.9933410286903381},"size":308.0340881347656,"orthographic":false}