{"cameraMode":{"drawMode":0,"name":"Shaded","section":"Shading Mode"},"sceneLighting":false,"audioPlay":false,"sceneViewState":{"showFog":true,"showMaterialUpdate":true,"showSkybox":false,"showFlares":true,"showImageEffects":true,"showParticleSystems":true,"showVisualEffectGraphs":true,"m_FxEnabled":true},"in2DMode":false,"pivot":{"x":257.3056945800781,"y":125.3780288696289,"z":-147.53355407714845},"rotation":{"x":0.030415451154112817,"y":-0.12940192222595216,"z":0.005025675054639578,"w":0.9913631081581116},"size":103.07766723632813,"orthographic":false}