{"cameraMode":{"drawMode":0,"name":"Shaded","section":"Shading Mode"},"sceneLighting":false,"audioPlay":false,"sceneViewState":{"showFog":true,"showMaterialUpdate":true,"showSkybox":false,"showFlares":true,"showImageEffects":true,"showParticleSystems":true,"showVisualEffectGraphs":true,"m_FxEnabled":true},"in2DMode":false,"pivot":{"x":-0.007356544956564903,"y":-2.8080251216888429,"z":21.90337562561035},"rotation":{"x":0.01582506112754345,"y":0.02746817283332348,"z":0.0002762853691820055,"w":0.9998548030853272},"size":12.12435531616211,"orthographic":false}