{"cameraMode":{"drawMode":0,"name":"Shaded","section":"Shading Mode"},"sceneLighting":false,"audioPlay":false,"sceneViewState":{"showFog":true,"showMaterialUpdate":true,"showSkybox":false,"showFlares":true,"showImageEffects":true,"showParticleSystems":true,"showVisualEffectGraphs":true,"m_FxEnabled":true},"in2DMode":false,"pivot":{"x":152.66018676757813,"y":137.11888122558595,"z":-452.9199523925781},"rotation":{"x":0.06354864686727524,"y":-0.08191558718681336,"z":0.005329326260834932,"w":0.9946947693824768},"size":2.598076105117798,"orthographic":false}