{"cameraMode":{"drawMode":0,"name":"Shaded","section":"Shading Mode"},"sceneLighting":false,"audioPlay":false,"sceneViewState":{"showFog":true,"showMaterialUpdate":true,"showSkybox":false,"showFlares":true,"showImageEffects":true,"showParticleSystems":true,"showVisualEffectGraphs":true,"m_FxEnabled":true},"in2DMode":false,"pivot":{"x":324.10772705078127,"y":113.85795593261719,"z":-574.6325073242188},"rotation":{"x":0.021637730300426484,"y":-0.12085779756307602,"z":0.0027303220704197885,"w":0.9925280809402466},"size":2.598076105117798,"orthographic":false}