{"cameraMode":{"drawMode":0,"name":"Shaded","section":"Shading Mode"},"sceneLighting":false,"audioPlay":false,"sceneViewState":{"showFog":true,"showMaterialUpdate":true,"showSkybox":false,"showFlares":true,"showImageEffects":true,"showParticleSystems":true,"showVisualEffectGraphs":true,"m_FxEnabled":true},"in2DMode":false,"pivot":{"x":263.6324462890625,"y":214.01077270507813,"z":-0.48899757862091067},"rotation":{"x":-0.022702353075146676,"y":-0.9652535915374756,"z":0.08934667706489563,"w":-0.24481195211410523},"size":210.165771484375,"orthographic":false}