{"cameraMode":{"drawMode":0,"name":"Shaded","section":"Shading Mode"},"sceneLighting":false,"audioPlay":false,"sceneViewState":{"showFog":true,"showMaterialUpdate":true,"showSkybox":false,"showFlares":true,"showImageEffects":true,"showParticleSystems":true,"showVisualEffectGraphs":true,"m_FxEnabled":true},"in2DMode":false,"pivot":{"x":-18.523357391357423,"y":0.49950137734413149,"z":-11.591425895690918},"rotation":{"x":-0.04591703414916992,"y":-0.03377164527773857,"z":-0.002143101766705513,"w":-0.998997688293457},"size":0.8320507407188416,"orthographic":false}